,date,BREAD/BAKERY forecast,BREAD/BAKERY history
260,2013-01-01,,0.0
261,2013-01-02,,523.8819999694824
262,2013-01-03,,321.69300079345703
263,2013-01-04,,299.011999130249
264,2013-01-07,,360.9309997558594
265,2013-01-08,,299.29100036621094
266,2013-01-09,,306.9290008544922
267,2013-01-10,,231.36400032043457
268,2013-01-11,,282.9290008544922
269,2013-01-14,,335.7800006866455
270,2013-01-15,,244.4090003967285
271,2013-01-16,,334.9270000457764
272,2013-01-17,,299.4680004119873
273,2013-01-18,,324.0330009460449
274,2013-01-21,,345.2250003814697
275,2013-01-22,,289.6189994812012
276,2013-01-23,,347.30299949646
277,2013-01-24,,254.6219997406006
278,2013-01-25,,295.8680000305176
279,2013-01-28,,277.2199993133545
280,2013-01-29,,296.2549991607666
281,2013-01-30,,396.6100006103516
282,2013-01-31,,259.3120002746582
283,2013-02-01,,313.6569995880127
284,2013-02-04,,293.2700004577637
285,2013-02-05,,282.3360004425049
286,2013-02-06,,297.63800048828125
287,2013-02-07,,251.81999969482425
288,2013-02-08,,308.51499938964844
289,2013-02-11,,198.7140007019043
290,2013-02-12,,255.87700080871585
291,2013-02-13,,357.3570003509521
292,2013-02-14,,260.3759994506836
293,2013-02-15,,307.5820007324219
294,2013-02-18,,349.3400001525879
295,2013-02-19,,286.6520004272461
296,2013-02-20,,305.8719997406006
297,2013-02-21,,241.3589992523193
298,2013-02-22,,265.507999420166
299,2013-02-25,,314.04999923706055
300,2013-02-26,,251.75200080871585
301,2013-02-27,,270.5699996948242
302,2013-02-28,,238.98800086975092
303,2013-03-01,,346.5699996948242
304,2013-03-04,,343.0690002441406
305,2013-03-05,,305.2789993286133
306,2013-03-06,,326.7159996032715
307,2013-03-07,,286.01899909973145
308,2013-03-08,,271.0520000457764
309,2013-03-11,,273.6860008239746
310,2013-03-12,,266.3169994354248
311,2013-03-13,,333.011999130249
312,2013-03-14,,281.67099952697754
313,2013-03-15,,260.206000328064
314,2013-03-18,,335.84900093078613
315,2013-03-19,,297.70899963378906
316,2013-03-20,,306.5060005187988
317,2013-03-21,,244.1470003128052
318,2013-03-22,,277.81800079345703
319,2013-03-25,,304.3570003509521
320,2013-03-26,,303.47800064086914
321,2013-03-27,,357.5340003967285
322,2013-03-28,,232.70000076293945
323,2013-03-29,,197.6219997406006
324,2013-04-01,,341.7989997863769
325,2013-04-02,,272.01899909973145
326,2013-04-03,,365.8490009307861
327,2013-04-04,,292.5820007324219
328,2013-04-05,,299.3950004577637
329,2013-04-08,,321.8509998321533
330,2013-04-09,,242.753999710083
331,2013-04-10,,340.90099906921387
332,2013-04-11,,251.66399955749512
333,2013-04-12,,284.24099922180176
334,2013-04-15,,330.9340000152588
335,2013-04-16,,343.2700004577637
336,2013-04-17,,279.1299991607666
337,2013-04-18,,216.01700019836423
338,2013-04-19,,279.7730007171631
339,2013-04-22,,343.70199966430664
340,2013-04-23,,314.32600021362305
341,2013-04-24,,301.0610008239746
342,2013-04-25,,236.70000076293945
343,2013-04-26,,283.011999130249
344,2013-04-29,,313.0590000152588
345,2013-04-30,,230.2430000305176
346,2013-05-01,,414.0950012207031
347,2013-05-02,,268.7800006866455
348,2013-05-03,,295.64299964904785
349,2013-05-06,,354.5249996185303
350,2013-05-07,,281.95499992370605
351,2013-05-08,,284.7469997406006
352,2013-05-09,,257.4750003814697
353,2013-05-10,,276.4400005340576
354,2013-05-13,,355.246000289917
355,2013-05-14,,327.41100025177
356,2013-05-15,,307.9309997558594
357,2013-05-16,,262.73999977111816
358,2013-05-17,,246.4209995269776
359,2013-05-20,,338.6760005950928
360,2013-05-21,,270.76099967956543
361,2013-05-22,,278.39200019836426
362,2013-05-23,,278.36599922180176
363,2013-05-24,,245.88899993896484
364,2013-05-27,,347.2859992980957
365,2013-05-28,,332.0380001068115
366,2013-05-29,,302.13500022888184
367,2013-05-30,,259.83499908447266
368,2013-05-31,,298.2220001220703
369,2013-06-03,,365.9050006866455
370,2013-06-04,,297.1679992675781
371,2013-06-05,,348.2880001068115
372,2013-06-06,,258.3430004119873
373,2013-06-07,,371.99099922180176
374,2013-06-10,,337.32200050354004
375,2013-06-11,,308.57200050354004
376,2013-06-12,,300.1679992675781
377,2013-06-13,,239.456000328064
378,2013-06-14,,271.136999130249
379,2013-06-17,,377.9130001068115
380,2013-06-18,,318.69999980926514
381,2013-06-19,,346.4699993133545
382,2013-06-20,,255.1319999694824
383,2013-06-21,,307.8560009002685
384,2013-06-24,,321.97400093078613
385,2013-06-25,,319.05000019073486
386,2013-06-26,,336.32900047302246
387,2013-06-27,,274.3190002441406
388,2013-06-28,,317.8719997406006
389,2013-07-01,,399.0729999542236
390,2013-07-02,,323.7830009460449
391,2013-07-03,,336.85799980163574
392,2013-07-04,,320.39200019836426
393,2013-07-05,,324.4850006103516
394,2013-07-08,,339.6100006103516
395,2013-07-09,,262.14399909973145
396,2013-07-10,,306.89399909973145
397,2013-07-11,,245.81999969482425
398,2013-07-12,,284.67099952697754
399,2013-07-15,,313.97900009155273
400,2013-07-16,,290.18199920654297
401,2013-07-17,,316.66900062561035
402,2013-07-18,,255.5979995727539
403,2013-07-19,,319.5890007019043
404,2013-07-22,,307.8699998855591
405,2013-07-23,,267.7800006866455
406,2013-07-24,,258.6000003814697
407,2013-07-25,,233.6049995422364
408,2013-07-26,,300.04500007629395
409,2013-07-29,,294.3689994812012
410,2013-07-30,,258.5200004577637
411,2013-07-31,,338.26700019836426
412,2013-08-01,,312.0919990539551
413,2013-08-02,,319.63400077819824
414,2013-08-05,,330.63799953460693
415,2013-08-06,,268.17499923706055
416,2013-08-07,,320.07999992370605
417,2013-08-08,,221.1469993591309
418,2013-08-09,,364.9390001296997
419,2013-08-12,,280.64100074768066
420,2013-08-13,,271.9570007324219
421,2013-08-14,,307.1889991760254
422,2013-08-15,,289.66900062561035
423,2013-08-16,,319.1229991912842
424,2013-08-19,,314.9270000457764
425,2013-08-20,,313.8610000610352
426,2013-08-21,,304.5930004119873
427,2013-08-22,,307.14200019836426
428,2013-08-23,,314.5270004272461
429,2013-08-26,,356.7450008392334
430,2013-08-27,,285.01900005340576
431,2013-08-28,,276.4820003509521
432,2013-08-29,,280.617000579834
433,2013-08-30,,311.61199951171875
434,2013-09-02,,422.89399909973145
435,2013-09-03,,334.95499992370605
436,2013-09-04,,394.382999420166
437,2013-09-05,,285.36400032043457
438,2013-09-06,,337.496000289917
439,2013-09-09,,353.1580009460449
440,2013-09-10,,288.0610008239746
441,2013-09-11,,354.5389995574951
442,2013-09-12,,261.0310001373291
443,2013-09-13,,296.4400005340576
444,2013-09-16,,418.2199993133545
445,2013-09-17,,300.85799980163574
446,2013-09-18,,316.3689994812012
447,2013-09-19,,261.5340003967285
448,2013-09-20,,309.14200019836426
449,2013-09-23,,304.89100074768066
450,2013-09-24,,345.5300006866455
451,2013-09-25,,324.011999130249
452,2013-09-26,,258.742000579834
453,2013-09-27,,314.0639991760254
454,2013-09-30,,336.3120002746582
455,2013-10-01,,364.5389995574951
456,2013-10-02,,419.2959995269776
457,2013-10-03,,285.3549995422363
458,2013-10-04,,312.44700050354004
459,2013-10-07,,350.5599994659424
460,2013-10-08,,290.5629997253418
461,2013-10-09,,334.2250003814697
462,2013-10-10,,224.32399940490723
463,2013-10-11,,314.36599922180176
464,2013-10-14,,286.0590000152588
465,2013-10-15,,296.6259994506836
466,2013-10-16,,357.66699981689453
467,2013-10-17,,247.9860000610352
468,2013-10-18,,257.44700050354004
469,2013-10-21,,345.42099952697754
470,2013-10-22,,297.94799995422363
471,2013-10-23,,348.3430004119873
472,2013-10-24,,252.5300006866455
473,2013-10-25,,312.2479991912842
474,2013-10-28,,337.5599994659424
475,2013-10-29,,273.4729995727539
476,2013-10-30,,310.6860008239746
477,2013-10-31,,288.51099967956543
478,2013-11-01,,273.45899963378906
479,2013-11-04,,344.3400001525879
480,2013-11-05,,325.1800003051758
481,2013-11-06,,340.6739997863769
482,2013-11-07,,254.79199981689453
483,2013-11-08,,342.3780002593994
484,2013-11-11,,386.9879999160767
485,2013-11-12,,278.92899990081787
486,2013-11-13,,281.64100074768066
487,2013-11-14,,258.94799995422363
488,2013-11-15,,357.13899993896484
489,2013-11-18,,348.9810009002685
490,2013-11-19,,322.6219997406006
491,2013-11-20,,368.8269996643066
492,2013-11-21,,275.8010005950928
493,2013-11-22,,303.6949996948242
494,2013-11-25,,367.2740001678467
495,2013-11-26,,306.8040008544922
496,2013-11-27,,324.9239997863769
497,2013-11-28,,288.36400032043457
498,2013-11-29,,320.1299991607666
499,2013-12-02,,381.4610004425049
500,2013-12-03,,340.7229995727539
501,2013-12-04,,326.4179992675781
502,2013-12-05,,284.8439998626709
503,2013-12-06,,331.23399925231934
504,2013-12-09,,360.7159996032715
505,2013-12-10,,309.7749996185303
506,2013-12-11,,427.5130004882813
507,2013-12-12,,226.09900093078613
508,2013-12-13,,333.1319999694824
509,2013-12-16,,346.5319995880127
510,2013-12-17,,365.8010005950928
511,2013-12-18,,351.4330005645752
512,2013-12-19,,316.6480007171631
513,2013-12-20,,302.1609992980957
514,2013-12-23,,315.3099994659424
515,2013-12-24,,259.9099998474121
516,2013-12-25,,0.0
517,2013-12-26,,283.9669990539551
518,2013-12-27,,274.98299980163574
519,2013-12-30,,313.0919990539551
520,2013-12-31,,353.0020008087158
521,2014-01-01,,0.0
522,2014-01-02,,459.2700004577637
523,2014-01-03,,375.11599922180176
524,2014-01-06,,357.8129997253418
525,2014-01-07,,322.08300018310547
526,2014-01-08,,409.58399963378906
527,2014-01-09,,336.6189994812012
528,2014-01-10,,375.9169998168945
529,2014-01-13,,383.943000793457
530,2014-01-14,,304.5979995727539
531,2014-01-15,,364.2549991607666
532,2014-01-16,,328.6830005645752
533,2014-01-17,,356.4090003967285
534,2014-01-20,,364.14399909973145
535,2014-01-21,,330.69700050354004
536,2014-01-22,,379.4939994812012
537,2014-01-23,,284.02599906921387
538,2014-01-24,,366.818000793457
539,2014-01-27,,346.6879997253418
540,2014-01-28,,302.4659996032715
541,2014-01-29,,334.4850006103516
542,2014-01-30,,337.4799995422363
543,2014-01-31,,351.4799995422363
544,2014-02-03,,319.22900009155273
545,2014-02-04,,277.9720001220703
546,2014-02-05,,311.6219997406006
547,2014-02-06,,244.07999992370603
548,2014-02-07,,298.99099922180176
549,2014-02-10,,329.246000289917
550,2014-02-11,,292.9860000610352
551,2014-02-12,,377.8390007019043
552,2014-02-13,,315.6550006866455
553,2014-02-14,,284.38800048828125
554,2014-02-17,,324.996000289917
555,2014-02-18,,319.5699996948242
556,2014-02-19,,361.9080009460449
557,2014-02-20,,244.00900077819824
558,2014-02-21,,290.0340003967285
559,2014-02-24,,391.33399963378906
560,2014-02-25,,248.56999969482425
561,2014-02-26,,327.80699920654297
562,2014-02-27,,311.7310009002685
563,2014-02-28,,364.5849990844727
564,2014-03-03,,318.47800064086914
565,2014-03-04,,448.6079998016357
566,2014-03-05,,364.57799911499023
567,2014-03-06,,346.60799980163574
568,2014-03-07,,325.6520004272461
569,2014-03-10,,366.7019996643066
570,2014-03-11,,380.9349994659424
571,2014-03-12,,344.0610008239746
572,2014-03-13,,267.4820003509521
573,2014-03-14,,379.5990009307861
574,2014-03-17,,481.7439994812012
575,2014-03-18,,333.4079999923706
576,2014-03-19,,363.6520004272461
577,2014-03-20,,309.08099937438965
578,2014-03-21,,364.0540008544922
579,2014-03-24,,397.863000869751
580,2014-03-25,,325.9370002746582
581,2014-03-26,,371.1909999847412
582,2014-03-27,,323.98399925231934
583,2014-03-28,,385.3950004577637
584,2014-03-31,,365.8229999542236
585,2014-04-01,,327.6480007171631
586,2014-04-02,,387.6079998016357
587,2014-04-03,,313.738000869751
588,2014-04-04,,308.6840000152588
589,2014-04-07,,387.88599967956543
590,2014-04-08,,304.2800006866455
591,2014-04-09,,372.83399963378906
592,2014-04-10,,281.6499996185303
593,2014-04-11,,337.1009998321533
594,2014-04-14,,377.69700050354
595,2014-04-15,,282.0489997863769
596,2014-04-16,,343.5380001068115
597,2014-04-17,,344.1590003967285
598,2014-04-18,,246.1840000152588
599,2014-04-21,,345.3360004425049
600,2014-04-22,,343.30699920654297
601,2014-04-23,,359.48399925231934
602,2014-04-24,,300.8769998550415
603,2014-04-25,,340.35899925231934
604,2014-04-28,,356.6100006103516
605,2014-04-29,,328.0289993286133
606,2014-04-30,,318.6770000457764
607,2014-05-01,,393.8269996643066
608,2014-05-02,,331.17499923706055
609,2014-05-05,,367.761999130249
610,2014-05-06,,311.81800079345703
611,2014-05-07,,376.3209991455078
612,2014-05-08,,218.1259994506836
613,2014-05-09,,251.7350006103516
614,2014-05-12,,300.22400093078613
615,2014-05-13,,341.2779998779297
616,2014-05-14,,342.5540008544922
617,2014-05-15,,295.6259994506836
618,2014-05-16,,337.02199935913086
619,2014-05-19,,368.35400009155273
620,2014-05-20,,332.3810005187988
621,2014-05-21,,360.2469997406006
622,2014-05-22,,290.2220001220703
623,2014-05-23,,320.2509994506836
624,2014-05-26,,383.761999130249
625,2014-05-27,,366.1790008544922
626,2014-05-28,,395.6280002593994
627,2014-05-29,,365.6569995880127
628,2014-05-30,,429.7910003662109
629,2014-06-02,,400.5849990844727
630,2014-06-03,,407.4619998931885
631,2014-06-04,,377.8269996643066
632,2014-06-05,,377.5960006713867
633,2014-06-06,,401.0520000457764
634,2014-06-09,,385.2560005187988
635,2014-06-10,,356.3360004425049
636,2014-06-11,,367.6569995880127
637,2014-06-12,,338.01300048828125
638,2014-06-13,,398.818000793457
639,2014-06-16,,445.9330005645752
640,2014-06-17,,363.11400032043457
641,2014-06-18,,364.23100090026855
642,2014-06-19,,354.3390007019043
643,2014-06-20,,380.363000869751
644,2014-06-23,,422.7600002288818
645,2014-06-24,,342.6550006866455
646,2014-06-25,,383.9349994659424
647,2014-06-26,,337.79800033569336
648,2014-06-27,,358.8519992828369
649,2014-06-30,,464.4080009460449
650,2014-07-01,,353.9619998931885
651,2014-07-02,,398.6590003967285
652,2014-07-03,,328.3610000610352
653,2014-07-04,,401.5
654,2014-07-07,,421.8990001678467
655,2014-07-08,,336.1879997253418
656,2014-07-09,,352.19700050354004
657,2014-07-10,,309.4419994354248
658,2014-07-11,,402.9599990844727
659,2014-07-14,,399.9260005950928
660,2014-07-15,,342.8390007019043
661,2014-07-16,,414.42399978637695
662,2014-07-17,,312.38799953460693
663,2014-07-18,,347.1949996948242
664,2014-07-21,,369.1639995574951
665,2014-07-22,,357.51299953460693
666,2014-07-23,,370.2469997406006
667,2014-07-24,,350.82999992370605
668,2014-07-25,,404.89699935913086
669,2014-07-28,,385.136999130249
670,2014-07-29,,369.26899909973145
671,2014-07-30,,342.64299964904785
672,2014-07-31,,353.7440004348755
673,2014-08-01,,441.80699920654297
674,2014-08-04,,418.1280002593994
675,2014-08-05,,385.5650005340576
676,2014-08-06,,359.04000091552734
677,2014-08-07,,336.1550006866455
678,2014-08-08,,412.2350006103516
679,2014-08-11,,409.0130004882813
680,2014-08-12,,333.1969995498657
681,2014-08-13,,330.32999992370605
682,2014-08-14,,336.0089998245239
683,2014-08-15,,342.73299980163574
684,2014-08-18,,413.6049995422363
685,2014-08-19,,331.5249996185303
686,2014-08-20,,390.0919990539551
687,2014-08-21,,402.8269996643066
688,2014-08-22,,370.26899909973145
689,2014-08-25,,408.6909999847412
690,2014-08-26,,351.60999965667725
691,2014-08-27,,374.61400032043457
692,2014-08-28,,326.0380001068115
693,2014-08-29,,382.68199920654297
694,2014-09-01,,444.4599990844727
695,2014-09-02,,487.1660003662109
696,2014-09-03,,464.9389991760254
697,2014-09-04,,358.98900032043457
698,2014-09-05,,455.6049995422363
699,2014-09-08,,423.41500091552734
700,2014-09-09,,448.79999923706055
701,2014-09-10,,481.4420003890991
702,2014-09-11,,368.20400047302246
703,2014-09-12,,435.28700065612793
704,2014-09-15,,597.4909992218018
705,2014-09-16,,458.9799995422363
706,2014-09-17,,496.3409996032715
707,2014-09-18,,387.5760002136231
708,2014-09-19,,413.5669994354248
709,2014-09-22,,479.79800033569336
710,2014-09-23,,414.89200019836426
711,2014-09-24,,442.5830001831055
712,2014-09-25,,343.9060001373291
713,2014-09-26,,515.4390001296997
714,2014-09-29,,543.6999998092651
715,2014-09-30,,441.73999977111816
716,2014-10-01,,607.6969995498657
717,2014-10-02,,536.4280004501343
718,2014-10-03,,486.3120002746582
719,2014-10-06,,501.6499996185303
720,2014-10-07,,569.451000213623
721,2014-10-08,,586.4350004196167
722,2014-10-09,,361.4729995727539
723,2014-10-10,,449.4710006713867
724,2014-10-13,,580.9569997787476
725,2014-10-14,,430.1029996871948
726,2014-10-15,,461.2200002670288
727,2014-10-16,,527.7019996643066
728,2014-10-17,,489.7849998474121
729,2014-10-20,,576.3090000152588
730,2014-10-21,,452.6409997940064
731,2014-10-22,,416.52199935913086
732,2014-10-23,,454.7199993133545
733,2014-10-24,,415.6909999847412
734,2014-10-27,,473.4510002136231
735,2014-10-28,,441.5220003128052
736,2014-10-29,,412.9079999923706
737,2014-10-30,,380.8430004119873
738,2014-10-31,,363.8139991760254
739,2014-11-03,,610.136999130249
740,2014-11-04,,428.5430002212525
741,2014-11-05,,504.23099994659424
742,2014-11-06,,475.2019996643066
743,2014-11-07,,409.496000289917
744,2014-11-10,,457.3409996032715
745,2014-11-11,,437.8629999160767
746,2014-11-12,,424.8159999847412
747,2014-11-13,,366.261999130249
748,2014-11-14,,491.38599967956543
749,2014-11-17,,521.2509994506836
750,2014-11-18,,422.54899978637695
751,2014-11-19,,442.9370002746582
752,2014-11-20,,433.8900003433228
753,2014-11-21,,532.0719995498657
754,2014-11-24,,446.8159999847412
755,2014-11-25,,451.0559997558594
756,2014-11-26,,447.5609998703003
757,2014-11-27,,351.30000019073486
758,2014-11-28,,439.9979991912842
759,2014-12-01,,485.9729995727539
760,2014-12-02,,500.1549997329712
761,2014-12-03,,404.66100025177
762,2014-12-04,,381.2910003662109
763,2014-12-05,,491.48399925231934
764,2014-12-08,,607.1520004272461
765,2014-12-09,,397.26200008392334
766,2014-12-10,,414.7779998779297
767,2014-12-11,,393.6909999847412
768,2014-12-12,,456.2350006103516
769,2014-12-15,,433.2779998779297
770,2014-12-16,,463.5830001831055
771,2014-12-17,,508.82999992370605
772,2014-12-18,,446.9460000991821
773,2014-12-19,,443.80299949646
774,2014-12-22,,422.7350006103516
775,2014-12-23,,446.9619998931885
776,2014-12-24,,305.0629997253418
777,2014-12-25,,0.0
778,2014-12-26,,507.9080009460449
779,2014-12-29,,440.6520004272461
780,2014-12-30,,460.7440004348755
781,2014-12-31,,384.68199920654297
782,2015-01-01,,0.0
783,2015-01-02,,444.33399963378906
784,2015-01-05,,550.7779998779297
785,2015-01-06,,525.0380001068115
786,2015-01-07,,575.53600025177
787,2015-01-08,,430.38599967956543
788,2015-01-09,,379.73400020599365
789,2015-01-12,,480.6409997940064
790,2015-01-13,,452.5220003128052
791,2015-01-14,,433.6190004348755
792,2015-01-15,,372.0989999771118
793,2015-01-16,,500.46399974823
794,2015-01-19,,538.6429996490479
795,2015-01-20,,472.8050003051758
796,2015-01-21,,559.8360004425049
797,2015-01-22,,417.72900009155273
798,2015-01-23,,469.5340003967285
799,2015-01-26,,540.7709999084473
800,2015-01-27,,495.1429996490479
801,2015-01-28,,485.1410007476807
802,2015-01-29,,403.4010000228882
803,2015-01-30,,505.3970003128052
804,2015-02-02,,561.3179998397827
805,2015-02-03,,439.4459991455078
806,2015-02-04,,417.9729995727539
807,2015-02-05,,428.4420003890991
808,2015-02-06,,408.02199935913086
809,2015-02-09,,445.5130004882813
810,2015-02-10,,400.4039993286133
811,2015-02-11,,406.6780004501343
812,2015-02-12,,346.32299995422363
813,2015-02-13,,433.5869998931885
814,2015-02-16,,313.6499996185303
815,2015-02-17,,473.6049995422363
816,2015-02-18,,503.617000579834
817,2015-02-19,,367.9169998168945
818,2015-02-20,,456.4079999923706
819,2015-02-23,,490.23099994659424
820,2015-02-24,,440.2199993133545
821,2015-02-25,,426.7530002593994
822,2015-02-26,,375.3229999542236
823,2015-02-27,,400.88300037384033
824,2015-03-02,,501.496000289917
825,2015-03-03,,479.7510004043579
826,2015-03-04,,514.0559997558594
827,2015-03-05,,412.5089998245239
828,2015-03-06,,454.0520000457764
829,2015-03-09,,555.136999130249
830,2015-03-10,,421.04000091552734
831,2015-03-11,,432.5610008239746
832,2015-03-12,,413.7130002975464
833,2015-03-13,,490.0179996490479
834,2015-03-16,,435.27099990844727
835,2015-03-17,,344.4619998931885
836,2015-03-18,,496.8050003051758
837,2015-03-19,,438.3229999542236
838,2015-03-20,,490.3479995727539
839,2015-03-23,,495.382999420166
840,2015-03-24,,400.3159999847412
841,2015-03-25,,409.55099964141846
842,2015-03-26,,364.0880002975464
843,2015-03-27,,516.6079998016357
844,2015-03-30,,396.4519996643066
845,2015-03-31,,395.48900032043457
846,2015-04-01,,516.7709999084473
847,2015-04-02,,396.539999961853
848,2015-04-03,,380.0329999923706
849,2015-04-06,,520.4670000076294
850,2015-04-07,,426.0699996948242
851,2015-04-08,,460.7329998016357
852,2015-04-09,,486.4489998817444
853,2015-04-10,,598.835000038147
854,2015-04-13,,605.3810000419617
855,2015-04-14,,637.9580000042915
856,2015-04-15,,659.2840000092983
857,2015-04-16,,555.2579999864101
858,2015-04-17,,654.1650000065565
859,2015-04-20,,690.4049999713898
860,2015-04-21,,623.1150000095367
861,2015-04-22,,609.7599999904633
862,2015-04-23,,573.2400000095367
863,2015-04-24,,609.8330000042915
864,2015-04-27,,601.8220000267029
865,2015-04-28,,546.819000005722
866,2015-04-29,,563.2800000011921
867,2015-04-30,,530.6150000095367
868,2015-05-01,,652.0
869,2015-05-04,,721.7029999494553
870,2015-05-05,,658.8220000267029
871,2015-05-06,,745.4979999065399
872,2015-05-07,,561.4449999332428
873,2015-05-08,,604.1849999427795
874,2015-05-11,,615.5219999551773
875,2015-05-12,,604.1960000991821
876,2015-05-13,,671.0
877,2015-05-14,,498.9160000085831
878,2015-05-15,,735.5310000181198
879,2015-05-18,,616.8389999866486
880,2015-05-19,,513.5369999408722
881,2015-05-20,,638.2999999523163
882,2015-05-21,,625.5729999542236
883,2015-05-22,,556.8849999904633
884,2015-05-25,,583.3610000610352
885,2015-05-26,,556.2579998970032
886,2015-05-27,,638.7089999914169
887,2015-05-28,,674.1500000059605
888,2015-05-29,,644.1410000324249
889,2015-06-01,,630.2999999523163
890,2015-06-02,,624.3499999046326
891,2015-06-03,,533.795000076294
892,2015-06-04,,568.5929999351501
893,2015-06-05,,651.7530000209808
894,2015-06-08,,484.90700006484985
895,2015-06-09,,591.680999994278
896,2015-06-10,,638.2580000162125
897,2015-06-11,,547.2360000610352
898,2015-06-12,,603.1559998989105
899,2015-06-15,,569.529000043869
900,2015-06-16,,623.6760001182556
901,2015-06-17,,595.3519999980927
902,2015-06-18,,500.7860000133514
903,2015-06-19,,635.4249999523163
904,2015-06-22,,673.9010000228882
905,2015-06-23,,654.4539999961853
906,2015-06-24,,706.4119999408722
907,2015-06-25,,568.0
908,2015-06-26,,624.5550000071526
909,2015-06-29,,600.0
910,2015-06-30,,565.5400000214577
911,2015-07-01,,820.1739999949932
912,2015-07-02,,684.4010000228882
913,2015-07-03,,751.4630000591278
914,2015-07-06,,832.9360001087189
915,2015-07-07,,282.0
916,2015-07-08,,754.0
917,2015-07-09,,566.0
918,2015-07-10,,582.0
919,2015-07-13,,552.2049999982119
920,2015-07-14,,495.0
921,2015-07-15,,650.2530000209808
922,2015-07-16,,568.0
923,2015-07-17,,646.0
924,2015-07-20,,679.0
925,2015-07-21,,612.0
926,2015-07-22,,634.2800000011921
927,2015-07-23,,540.0
928,2015-07-24,,588.0
929,2015-07-27,,532.0
930,2015-07-28,,610.0
931,2015-07-29,,655.0
932,2015-07-30,,518.0
933,2015-07-31,,624.8109999895096
934,2015-08-03,,615.0
935,2015-08-04,,619.0
936,2015-08-05,,578.0
937,2015-08-06,,513.0
938,2015-08-07,,629.0
939,2015-08-10,,617.9470000267029
940,2015-08-11,,581.0
941,2015-08-12,,631.0
942,2015-08-13,,545.0
943,2015-08-14,,657.0
944,2015-08-17,,548.0110000371933
945,2015-08-18,,486.8899999856949
946,2015-08-19,,595.6849999427795
947,2015-08-20,,551.805999994278
948,2015-08-21,,569.2840000092983
949,2015-08-24,,593.1500000059605
950,2015-08-25,,547.5509999990463
951,2015-08-26,,541.4740000069141
952,2015-08-27,,577.0
953,2015-08-28,,606.0
954,2015-08-31,,631.0110000371933
955,2015-09-01,,679.6520000100136
956,2015-09-02,,667.805999994278
957,2015-09-03,,604.0
958,2015-09-04,,686.2330000400543
959,2015-09-07,,658.8519999980927
960,2015-09-08,,591.3000000119209
961,2015-09-09,,693.0
962,2015-09-10,,631.0
963,2015-09-11,,608.0
964,2015-09-14,,582.2750000059605
965,2015-09-15,,632.9490000009537
966,2015-09-16,,729.0240000002086
967,2015-09-17,,592.0
968,2015-09-18,,557.4779999256134
969,2015-09-21,,588.3810000121593
970,2015-09-22,,638.0
971,2015-09-23,,687.9340000152588
972,2015-09-24,,623.0
973,2015-09-25,,661.5989999771118
974,2015-09-28,,632.0
975,2015-09-29,,597.277999997139
976,2015-09-30,,689.2420001029968
977,2015-10-01,,643.5440000295639
978,2015-10-02,,661.7200000286102
979,2015-10-05,,732.1850000023842
980,2015-10-06,,614.0
981,2015-10-07,,774.0
982,2015-10-08,,586.0
983,2015-10-09,,630.0
984,2015-10-12,,565.0
985,2015-10-13,,525.0
986,2015-10-14,,647.4959999918938
987,2015-10-15,,536.7509999871254
988,2015-10-16,,722.2560000121593
989,2015-10-19,,583.0
990,2015-10-20,,610.4650000035763
991,2015-10-21,,620.0
992,2015-10-22,,535.0
993,2015-10-23,,656.180999994278
994,2015-10-26,,593.0
995,2015-10-27,,572.2910000085831
996,2015-10-28,,473.0
997,2015-10-29,,432.0
998,2015-10-30,,553.0
999,2015-11-02,,489.1650000065565
1000,2015-11-03,,758.0
1001,2015-11-04,,677.2399999946356
1002,2015-11-05,,620.0
1003,2015-11-06,,596.0
1004,2015-11-09,,692.0
1005,2015-11-10,,636.0
1006,2015-11-11,,646.0
1007,2015-11-12,,556.0
1008,2015-11-13,,529.0
1009,2015-11-16,,665.0
1010,2015-11-17,,512.0
1011,2015-11-18,,721.0
1012,2015-11-19,,527.0
1013,2015-11-20,,686.0
1014,2015-11-23,,632.0
1015,2015-11-24,,544.0
1016,2015-11-25,,561.0
1017,2015-11-26,,493.0
1018,2015-11-27,,603.0
1019,2015-11-30,,550.0
1020,2015-12-01,,617.0
1021,2015-12-02,,665.0
1022,2015-12-03,,586.0
1023,2015-12-04,,555.0
1024,2015-12-07,,613.0
1025,2015-12-08,,590.0
1026,2015-12-09,,607.0
1027,2015-12-10,,519.0
1028,2015-12-11,,536.0
1029,2015-12-14,,630.0
1030,2015-12-15,,559.0
1031,2015-12-16,,702.0
1032,2015-12-17,,561.0
1033,2015-12-18,,562.0
1034,2015-12-21,,681.0
1035,2015-12-22,,689.0
1036,2015-12-23,,735.0
1037,2015-12-24,,572.0
1038,2015-12-25,,0.0
1039,2015-12-28,,501.0
1040,2015-12-29,,585.0
1041,2015-12-30,,617.0
1042,2015-12-31,,690.5509999990463
0,2016-01-01,626.0278202116288,
1,2016-01-04,582.2460956324082,
2,2016-01-05,593.7841544798647,
3,2016-01-06,608.2145400083787,
4,2016-01-07,606.4002232465864,
5,2016-01-08,656.772958844331,
6,2016-01-11,613.2594132678886,
7,2016-01-12,464.66531266475226,
8,2016-01-13,563.0463078410014,
9,2016-01-14,578.9765546456159,
10,2016-01-15,609.3712274942234,
11,2016-01-18,621.7820230840119,
12,2016-01-19,620.5258745489577,
13,2016-01-20,571.9201013373558,
14,2016-01-21,593.7841544798647,
15,2016-01-22,608.2145400083787,
16,2016-01-25,606.4002232465864,
17,2016-01-26,656.772958844331,
18,2016-01-27,613.2594132678886,
19,2016-01-28,464.66531266475226,
20,2016-01-29,563.0463078410014,
21,2016-02-01,578.9765546456159,
22,2016-02-02,609.3712274942234,
23,2016-02-03,621.7820230840119,
24,2016-02-04,620.5258745489577,
25,2016-02-05,571.9201013373558,
26,2016-02-08,593.7841544798647,
27,2016-02-09,608.2145400083787,
28,2016-02-10,606.4002232465864,
29,2016-02-11,656.772958844331,
30,2016-02-12,613.2594132678886,
31,2016-02-15,464.66531266475226,
32,2016-02-16,563.0463078410014,
33,2016-02-17,578.9765546456159,
34,2016-02-18,609.3712274942234,
35,2016-02-19,621.7820230840119,
36,2016-02-22,620.5258745489577,
37,2016-02-23,571.9201013373558,
38,2016-02-24,593.7841544798647,
39,2016-02-25,608.2145400083787,
40,2016-02-26,606.4002232465864,
41,2016-02-29,656.772958844331,
42,2016-03-01,613.2594132678886,
43,2016-03-02,464.66531266475226,
44,2016-03-03,563.0463078410014,
45,2016-03-04,578.9765546456159,
46,2016-03-07,609.3712274942234,
47,2016-03-08,621.7820230840119,
48,2016-03-09,620.5258745489577,
49,2016-03-10,571.9201013373558,
50,2016-03-11,593.7841544798647,
51,2016-03-14,608.2145400083787,
52,2016-03-15,606.4002232465864,
53,2016-03-16,656.772958844331,
54,2016-03-17,613.2594132678886,
55,2016-03-18,464.66531266475226,
56,2016-03-21,563.0463078410014,
57,2016-03-22,578.9765546456159,
58,2016-03-23,609.3712274942234,
59,2016-03-24,621.7820230840119,
60,2016-03-25,620.5258745489577,
61,2016-03-28,571.9201013373558,
62,2016-03-29,593.7841544798647,
63,2016-03-30,608.2145400083787,
64,2016-03-31,606.4002232465864,
65,2016-04-01,656.772958844331,
66,2016-04-04,613.2594132678886,
67,2016-04-05,464.66531266475226,
68,2016-04-06,563.0463078410014,
69,2016-04-07,578.9765546456159,
70,2016-04-08,609.3712274942234,
71,2016-04-11,621.7820230840119,
72,2016-04-12,620.5258745489577,
73,2016-04-13,571.9201013373558,
74,2016-04-14,593.7841544798647,
75,2016-04-15,608.2145400083787,
76,2016-04-18,606.4002232465864,
77,2016-04-19,656.772958844331,
78,2016-04-20,613.2594132678886,
79,2016-04-21,464.66531266475226,
80,2016-04-22,563.0463078410014,
81,2016-04-25,578.9765546456159,
82,2016-04-26,609.3712274942234,
83,2016-04-27,621.7820230840119,
84,2016-04-28,620.5258745489577,
85,2016-04-29,571.9201013373558,
86,2016-05-02,593.7841544798647,
87,2016-05-03,608.2145400083787,
88,2016-05-04,606.4002232465864,
89,2016-05-05,656.772958844331,
90,2016-05-06,613.2594132678886,
91,2016-05-09,464.66531266475226,
92,2016-05-10,563.0463078410014,
93,2016-05-11,578.9765546456159,
94,2016-05-12,609.3712274942234,
95,2016-05-13,621.7820230840119,
96,2016-05-16,620.5258745489577,
97,2016-05-17,571.9201013373558,
98,2016-05-18,593.7841544798647,
99,2016-05-19,608.2145400083787,
100,2016-05-20,606.4002232465864,
101,2016-05-23,656.772958844331,
102,2016-05-24,613.2594132678886,
103,2016-05-25,464.66531266475226,
104,2016-05-26,563.0463078410014,
105,2016-05-27,578.9765546456159,
106,2016-05-30,609.3712274942234,
107,2016-05-31,621.7820230840119,
108,2016-06-01,620.5258745489577,
109,2016-06-02,571.9201013373558,
110,2016-06-03,593.7841544798647,
111,2016-06-06,608.2145400083787,
112,2016-06-07,606.4002232465864,
113,2016-06-08,656.772958844331,
114,2016-06-09,613.2594132678886,
115,2016-06-10,464.66531266475226,
116,2016-06-13,563.0463078410014,
117,2016-06-14,578.9765546456159,
118,2016-06-15,609.3712274942234,
119,2016-06-16,621.7820230840119,
120,2016-06-17,620.5258745489577,
121,2016-06-20,571.9201013373558,
122,2016-06-21,593.7841544798647,
123,2016-06-22,608.2145400083787,
124,2016-06-23,606.4002232465864,
125,2016-06-24,656.772958844331,
126,2016-06-27,613.2594132678886,
127,2016-06-28,464.66531266475226,
128,2016-06-29,563.0463078410014,
129,2016-06-30,578.9765546456159,
130,2016-07-01,609.3712274942234,
131,2016-07-04,621.7820230840119,
132,2016-07-05,620.5258745489577,
133,2016-07-06,571.9201013373558,
134,2016-07-07,593.7841544798647,
135,2016-07-08,608.2145400083787,
136,2016-07-11,606.4002232465864,
137,2016-07-12,656.772958844331,
138,2016-07-13,613.2594132678886,
139,2016-07-14,464.66531266475226,
140,2016-07-15,563.0463078410014,
141,2016-07-18,578.9765546456159,
142,2016-07-19,609.3712274942234,
143,2016-07-20,621.7820230840119,
144,2016-07-21,620.5258745489577,
145,2016-07-22,571.9201013373558,
146,2016-07-25,593.7841544798647,
147,2016-07-26,608.2145400083787,
148,2016-07-27,606.4002232465864,
149,2016-07-28,656.772958844331,
150,2016-07-29,613.2594132678886,
151,2016-08-01,464.66531266475226,
152,2016-08-02,563.0463078410014,
153,2016-08-03,578.9765546456159,
154,2016-08-04,609.3712274942234,
155,2016-08-05,621.7820230840119,
156,2016-08-08,620.5258745489577,
157,2016-08-09,571.9201013373558,
158,2016-08-10,593.7841544798647,
159,2016-08-11,608.2145400083787,
160,2016-08-12,606.4002232465864,
161,2016-08-15,656.772958844331,
162,2016-08-16,613.2594132678886,
163,2016-08-17,464.66531266475226,
164,2016-08-18,563.0463078410014,
165,2016-08-19,578.9765546456159,
166,2016-08-22,609.3712274942234,
167,2016-08-23,621.7820230840119,
168,2016-08-24,620.5258745489577,
169,2016-08-25,571.9201013373558,
170,2016-08-26,593.7841544798647,
171,2016-08-29,608.2145400083787,
172,2016-08-30,606.4002232465864,
173,2016-08-31,656.772958844331,
174,2016-09-01,613.2594132678886,
175,2016-09-02,464.66531266475226,
176,2016-09-05,563.0463078410014,
177,2016-09-06,578.9765546456159,
178,2016-09-07,609.3712274942234,
179,2016-09-08,621.7820230840119,
180,2016-09-09,620.5258745489577,
181,2016-09-12,571.9201013373558,
182,2016-09-13,593.7841544798647,
183,2016-09-14,608.2145400083787,
184,2016-09-15,606.4002232465864,
185,2016-09-16,656.772958844331,
186,2016-09-19,613.2594132678886,
187,2016-09-20,464.66531266475226,
188,2016-09-21,563.0463078410014,
189,2016-09-22,578.9765546456159,
190,2016-09-23,609.3712274942234,
191,2016-09-26,621.7820230840119,
192,2016-09-27,620.5258745489577,
193,2016-09-28,571.9201013373558,
194,2016-09-29,593.7841544798647,
195,2016-09-30,608.2145400083787,
196,2016-10-03,606.4002232465864,
197,2016-10-04,656.772958844331,
198,2016-10-05,613.2594132678886,
199,2016-10-06,464.66531266475226,
200,2016-10-07,563.0463078410014,
201,2016-10-10,578.9765546456159,
202,2016-10-11,609.3712274942234,
203,2016-10-12,621.7820230840119,
204,2016-10-13,620.5258745489577,
205,2016-10-14,571.9201013373558,
206,2016-10-17,593.7841544798647,
207,2016-10-18,608.2145400083787,
208,2016-10-19,606.4002232465864,
209,2016-10-20,656.772958844331,
210,2016-10-21,613.2594132678886,
211,2016-10-24,464.66531266475226,
212,2016-10-25,563.0463078410014,
213,2016-10-26,578.9765546456159,
214,2016-10-27,609.3712274942234,
215,2016-10-28,621.7820230840119,
216,2016-10-31,620.5258745489577,
217,2016-11-01,571.9201013373558,
218,2016-11-02,593.7841544798647,
219,2016-11-03,608.2145400083787,
220,2016-11-04,606.4002232465864,
221,2016-11-07,656.772958844331,
222,2016-11-08,613.2594132678886,
223,2016-11-09,464.66531266475226,
224,2016-11-10,563.0463078410014,
225,2016-11-11,578.9765546456159,
226,2016-11-14,609.3712274942234,
227,2016-11-15,621.7820230840119,
228,2016-11-16,620.5258745489577,
229,2016-11-17,571.9201013373558,
230,2016-11-18,593.7841544798647,
231,2016-11-21,608.2145400083787,
232,2016-11-22,606.4002232465864,
233,2016-11-23,656.772958844331,
234,2016-11-24,613.2594132678886,
235,2016-11-25,464.66531266475226,
236,2016-11-28,563.0463078410014,
237,2016-11-29,578.9765546456159,
238,2016-11-30,609.3712274942234,
239,2016-12-01,621.7820230840119,
240,2016-12-02,620.5258745489577,
241,2016-12-05,571.9201013373558,
242,2016-12-06,593.7841544798647,
243,2016-12-07,608.2145400083787,
244,2016-12-08,606.4002232465864,
245,2016-12-09,656.772958844331,
246,2016-12-12,613.2594132678886,
247,2016-12-13,464.66531266475226,
248,2016-12-14,563.0463078410014,
249,2016-12-15,578.9765546456159,
250,2016-12-16,609.3712274942234,
251,2016-12-19,621.7820230840119,
252,2016-12-20,620.5258745489577,
253,2016-12-21,571.9201013373558,
254,2016-12-22,593.7841544798647,
255,2016-12-23,608.2145400083787,
256,2016-12-26,606.4002232465864,
257,2016-12-27,656.772958844331,
258,2016-12-28,613.2594132678886,
259,2016-12-29,464.66531266475226,
